did,name,elapsed_sec,n_samples,n_features,n_classes,ratio_samples_per_feature,missing_ratio_overall,missing_col_max,missing_col_min,frac_cols_with_na,num_mean_of_means,num_mean_skew,class_entropy,majority_class_ratio,ratio_num_cat,unique_rows_ratio,logreg_bac,logreg_acc,knn5_bac,best_algo
3,kr-vs-kp,12.295,3196,36,2,88.77777777777777,0.0,0.0,0.0,0.0,,,0.998575538655458,0.522215269086358,0.0,1.0,0.9660381394334704,0.96589739827856,0.934394211221367,linsvc
18,mfeat-morphological,0.32,2000,6,10,333.3333333333333,0.0,0.0,0.0,0.0,1052.6997316402774,0.5315671843447335,3.321928094887362,0.1,inf,0.944,0.734,0.734,0.7085,linsvc
22,mfeat-zernike,0.612,2000,47,10,42.5531914893617,0.0,0.0,0.0,0.0,88.63642941472713,0.790830076474756,3.321928094887362,0.1,inf,0.997,0.8160000000000001,0.8160000000000001,0.8039999999999999,linsvc
23,cmc,0.415,1473,9,3,163.66666666666666,0.0,0.0,0.0,0.0,17.89986422267481,0.677731575793992,1.5390345832497476,0.4270196877121521,0.2857142857142857,0.921928038017651,0.4767691029008724,0.5044667358468812,0.4622662381684109,logreg_bal
24,mushroom,0.995,8124,21,2,386.8571428571428,0.0145365876532789,0.3052683407188577,0.0,0.0476190476190476,,,0.9990678968724604,0.517971442639094,0.0,1.0,0.9997445721583652,0.999753846153846,1.0,linsvc
26,nursery,1.334,12960,8,5,1620.0,0.0,0.0,0.0,0.0,,,1.7164959001837934,0.3333333333333333,0.0,1.0,0.7986076455521325,0.925925925925926,0.7848143984931661,logreg_bal
30,page-blocks,0.459,5473,10,5,547.3,0.0,0.0,0.0,0.0,253.32758631463548,14.711451967520436,0.6354628258660037,0.8976795176320117,inf,0.9853827882331444,0.7064778825344711,0.959439199285434,0.7732771491528447,logreg_bal
31,credit-g,0.382,1000,20,2,50.0,0.0,0.0,0.0,0.0,476.5838571428571,0.9203791257169,0.8812908992306927,0.7,0.5384615384615384,1.0,0.6642857142857143,0.75,0.6230952380952381,logreg_bal
32,pendigits,1.633,10992,16,10,687.0,0.0,0.0,0.0,0.0,50.711045533115,-0.0391960821203113,3.320771738890595,0.1040756914119359,inf,1.0,0.9511960466734036,0.951419228113035,0.992564464670648,knn5
36,segment,0.401,2310,18,7,128.33333333333334,0.0,0.0,0.0,0.0,25.50165214002752,3.320958854659288,2.807354922057604,0.1428571428571428,inf,0.9030303030303032,0.9346320346320348,0.9346320346320348,0.9406926406926408,knn5
60,waveform-5000,1.041,5000,40,3,125.0,0.0,0.0,0.0,0.0,0.8994882000000001,0.0354682736242672,1.5848792049207134,0.3384,inf,1.0,0.8660371295755953,0.8658000000000001,0.7747582307908403,linsvc
137,BNG(tic-tac-toe),2.894,39366,9,2,4374.0,0.0,0.0,0.0,0.0,,,0.9314528308622936,0.6528984402784128,0.0,0.2851445409744449,0.6700431152086777,0.729360284250862,0.7466776164863536,knn5
151,electricity,2.54,45312,8,2,5664.0,0.0,0.0,0.0,0.0,0.3441820375901686,12.618112702577076,0.9835093906057096,0.5754546257062146,7.0,1.0,0.742796607281445,0.7608801144873402,0.8284141206226228,knn5
179,adult,9.334,48842,14,2,3488.714285714286,0.0094546847853428,0.057511977396503,0.0,0.2142857142857142,94837.1063429016,0.5611835109305496,0.7938438393644256,0.7607182343065395,0.1666666666666666,0.9956594734040376,0.7723111317665199,0.857172002076803,0.7360488316330045,logreg_bal
181,yeast,0.294,1484,8,10,185.5,0.0,0.0,0.0,0.0,0.3811969339622642,2.912827303657759,2.490417636232728,0.3119946091644205,inf,0.97911051212938,0.556521176553749,0.5903221403221404,0.5684164106214584,logreg_bal
182,satimage,1.469,6430,36,6,178.61111111111111,0.0,0.0,0.0,0.0,-0.0005560885260065,0.0404602338510036,2.4833618760456604,0.2381026438569206,inf,1.0,0.8088063015108862,0.8566096423017108,0.8871154366216116,knn5
184,kropt,7.16,28056,6,18,4676.0,0.0,0.0,0.0,0.0,,,3.50415902053474,0.1622825777017393,0.0,1.0,0.3682206773002827,0.400591776183454,0.2806581610032267,logreg_bal
185,baseball,0.33,1340,16,3,83.75,0.0009328358208955,0.0149253731343283,0.0,0.0625,637.4240550806572,0.8335889988230138,0.5400978590902226,0.9067164179104478,15.0,1.0,0.6833393629689926,0.9432835820895524,0.5512438179104845,logreg_bal
251,BNG(breast-w),2.502,39366,9,2,4374.0,0.0,0.0,0.0,0.0,3.1286446768700573,1.4711308660595714,0.9286919590843375,0.655895950820505,inf,0.8277955596199766,0.9767181066917604,0.979195258123782,0.9813833862526782,knn5
57,hypothyroid,0.784,3772,27,4,139.7037037037037,0.0225050076587722,0.2038706256627783,0.0,0.2592592592592592,46.436689696411385,3.569191882469104,0.4666175969866337,0.9228525980911984,0.2857142857142857,0.983828207847296,0.6504292046953655,0.9573179686264864,0.5365273307838769,logreg_bal
38,sick,0.559,3772,27,2,139.7037037037037,0.0225050076587722,0.2038706256627783,0.0,0.2592592592592592,46.436689696411385,3.569191882469104,0.3323505555321104,0.9387592788971368,0.2857142857142857,0.983828207847296,0.8005693028656127,0.96765541834279,0.7876553702908035,logreg_bal
310,mammography,0.415,11183,6,2,1863.8333333333333,0.0,0.0,0.0,0.0,-1.9973826216877078e-11,4.443275632344252,0.1593164203699977,0.9767504247518556,inf,0.7017794867209157,0.7005955733816146,0.9835464376564896,0.7518778132622528,logreg_bal
375,JapaneseVowels,0.831,9961,14,9,711.5,0.0,0.0,0.0,0.0,2.0532722924190057,0.1098366996914081,3.1320692484479835,0.1620319245055717,inf,1.0,0.9371796571908988,0.9406691996284182,0.9786950987654036,knn5
454,analcatdata_halloffame,0.296,1340,16,3,83.75,0.0009328358208955,0.0149253731343283,0.0,0.0625,637.4240550806572,0.8335889988230138,0.5400978590902226,0.9067164179104478,15.0,1.0,0.6833393629689926,0.9432835820895524,0.5512438179104845,logreg_bal
488,colleges_aaup,0.292,1161,14,4,82.92857142857143,0.0157499692383413,0.0585701981050818,0.0,0.4285714285714285,335.77908459577486,1.387123176911953,1.434835752759632,0.5314384151593454,13.0,1.0,0.7642027310039634,0.8294620393665829,0.727222467218412,logreg_bal
715,fri_c3_1000_25,0.224,1000,25,2,40.0,0.0,0.0,0.0,0.0,-1.6000000098159708e-10,0.0645239512346236,0.9906049558738164,0.557,inf,1.0,0.6626290287807143,0.6689999999999999,0.6400644223677932,linsvc
720,abalone,0.295,4177,8,2,522.125,0.0,0.0,0.0,0.0,0.3827034098293375,0.6203687756176234,0.9999906975135882,0.5017955470433325,7.0,1.0,0.7864160553065062,0.7864493023522334,0.7673045632575217,logreg_bal
722,pol,1.077,15000,26,2,576.9230769230769,0.0,0.0,0.0,0.0,20.106202564102567,4.780045379433384,0.9210049486251756,0.6639333333333334,inf,0.9972,0.873688196495188,0.8885333333333334,0.9610913582173566,knn5
723,fri_c4_1000_25,0.199,1000,25,2,40.0,0.0,0.0,0.0,0.0,5.200000000726843e-10,0.1014592703294146,0.9936167534536142,0.547,inf,1.0,0.6159398908940193,0.623,0.6283680641478806,logreg_bal
725,bank8FM,0.429,8192,8,2,1024.0,0.0,0.0,0.0,0.0,1.654425210586548,0.469408311944097,0.9730662661337472,0.5963134765625,inf,1.0,0.9396486838083822,0.9429927268853444,0.8807605173900507,logreg_bal
727,2dplanes,2.8,40768,10,2,4076.8,0.0,0.0,0.0,0.0,0.0020064756671899,-0.003820939835716,0.9999977500599352,0.5008830455259027,inf,0.6263736263736264,0.8373467329444054,0.8373479566547084,0.9140331694453444,knn5
728,analcatdata_supreme,0.28,4052,7,2,578.8571428571429,0.0,0.0,0.0,0.0,281.9487730926527,2.7479867719750466,0.794432350758128,0.760365251727542,inf,0.1396841066140177,0.9830657972302778,0.9876604101018404,0.9724535170088144,logreg
734,ailerons,2.371,13750,40,2,343.75,0.0,0.0,0.0,0.0,-0.8504005054545454,-4.55790779336491,0.9832048570341374,0.5761454545454545,inf,1.0,0.8746211028994457,0.8788363636363636,0.833996212509873,logreg_bal
735,cpu_small,0.541,8192,12,2,682.6666666666666,0.0,0.0,0.0,0.0,135460.4337241618,5.074304624464147,0.8841664897438648,0.6976318359375,inf,1.0,0.8871932174167381,0.913940124007238,0.8874454412040137,logreg_bal
737,space_ga,0.254,3107,6,2,517.8333333333334,0.0,0.0,0.0,0.0,-15273134.720528873,0.0334706292720225,0.9999532967890264,0.5040231734792404,inf,1.0,0.8382129503424715,0.8384252139739349,0.8196689765227336,logreg
740,fri_c3_1000_10,0.229,1000,10,2,100.0,0.0,0.0,0.0,0.0,-1.9999999789632764e-10,0.2289983426559738,0.9895875212220556,0.56,inf,1.0,0.6632305194805195,0.673,0.7831168831168831,knn5
743,fri_c1_1000_5,0.193,1000,5,2,200.0,0.0,0.0,0.0,0.0,1.1999999978584695e-09,0.0019460202642809,0.9946583178227808,0.543,inf,1.0,0.6170468354054313,0.625,0.898926250292425,knn5
751,fri_c4_1000_10,0.186,1000,10,2,100.0,0.0,0.0,0.0,0.0,-5.800000000544259e-09,0.3062015705516949,0.9895875212220556,0.56,inf,1.0,0.6388798701298702,0.649,0.7707792207792208,knn5
752,puma32H,1.021,8192,32,2,256.0,0.0,0.0,0.0,0.0,0.6606090161552429,-0.0026872986819989,0.9999559719934968,0.50390625,inf,1.0,0.6452793748773635,0.6453879453879454,0.5905797591419559,logreg_bal
761,cpu_act,1.101,8192,21,2,390.0952380952381,0.0,0.0,0.0,0.0,77423.0389258975,5.398356926130634,0.8841664897438648,0.6976318359375,inf,1.0,0.91821437963583,0.9361575784394578,0.9026440009698202,logreg_bal
799,fri_c0_1000_5,0.224,1000,5,2,200.0,0.0,0.0,0.0,0.0,-2.200000000573965e-09,0.0210304064450523,0.9999740313334506,0.503,inf,1.0,0.8510118011801179,0.851,0.8740427042704271,knn5
802,pbcseq,0.831,1945,18,2,108.05555555555556,0.0323621822336475,0.4221079691516709,0.0,0.3333333333333333,1928.8352910054052,2.023063503650762,0.9999998093199088,0.5002570694087404,2.0,1.0,0.6914935236584722,0.6915167095115682,0.7675707110758656,knn5
803,delta_ailerons,0.306,7129,5,2,1425.8,0.0,0.0,0.0,0.0,0.0029725156403422,0.1132819184788151,0.9972877951195076,0.5306494599523075,inf,1.0,0.9372664430005032,0.9382795698924732,0.9383083528675192,knn5
807,kin8nm,0.402,8192,8,2,1024.0,0.0,0.0,0.0,0.0,0.0024727835540771,-0.0024236938888669,0.9997770990046064,0.5087890625,inf,1.0,0.7317883039097459,0.7319357748887951,0.8499624292688331,knn5
813,fri_c3_1000_5,0.193,1000,5,2,200.0,0.0,0.0,0.0,0.0,1.9999999994801953e-09,0.3799051670286492,0.9885173903891564,0.563,inf,1.0,0.6488919393595928,0.66,0.8902542084606473,knn5
816,puma8NH,0.401,8192,8,2,1024.0,0.0,0.0,0.0,0.0,0.0026571600494384,-0.0057403169297953,0.999986069360442,0.502197265625,inf,1.0,0.8243432342055483,0.8243421753488868,0.7846858245058866,logreg_bal
819,delta_elevators,0.382,9517,6,2,1586.1666666666667,0.0,0.0,0.0,0.0,-2.098847795173549,-0.0159060190392087,0.999977628330813,0.5027844909110014,inf,1.0,0.8812497881382952,0.8811604410550347,0.8662752732570136,linsvc
821,house_16H,1.801,22784,16,2,1424.0,0.0,0.0,0.0,0.0,488.32277900583466,6.137655244533562,0.8763427177130789,0.704002808988764,inf,0.9999561095505618,0.7634656011002052,0.8266763999774198,0.8278916922833048,knn5
823,houses,1.21,20640,8,2,2580.0,0.0,0.0,0.0,0.0,26502.829555895714,2.387176969845901,0.9865690330331822,0.5681201550387597,inf,1.0,0.9616996757681152,0.9631298449612404,0.967458447847579,knn5
833,bank32nh,1.093,8192,32,2,256.0,0.0,0.0,0.0,0.0,1.2014580029029849,0.6205672677152604,0.8936632139657559,0.6895751953125,inf,1.0,0.7644378226626761,0.8201909201909201,0.6301652243248643,logreg_bal
843,house_8L,1.819,22784,8,2,2848.0,0.0,0.0,0.0,0.0,367.9718502386215,11.488497151631533,0.8763427177130789,0.704002808988764,inf,0.9999561095505618,0.7856086657779512,0.8542835718784385,0.8083927315932025,logreg_bal
845,fri_c0_1000_10,0.209,1000,10,2,100.0,0.0,0.0,0.0,0.0,-4.6999999978147864e-09,-0.0385481820250414,0.999766270781044,0.509,inf,1.0,0.8348126169159533,0.8350000000000002,0.7789247652256222,linsvc
846,elevators,1.514,16599,18,2,922.1666666666666,0.0,0.0,0.0,0.0,-1.9945264513926544,9.738247933053136,0.8920793291304916,0.6909452376649196,inf,1.0,0.858138839569702,0.8987285689912407,0.7555916289300243,logreg_bal
847,wind,0.466,6574,14,2,469.57142857142856,0.0,0.0,0.0,0.0,14.206659242035723,0.4864545800191551,0.996940292587556,0.5325524794645573,inf,1.0,0.8514129395026403,0.8529050702872256,0.8414529994990048,logreg
849,fri_c0_1000_25,0.227,1000,25,2,40.0,0.0,0.0,0.0,0.0,1.5600000016391384e-09,-0.0002361663678901,0.9999740313334506,0.503,inf,1.0,0.8248996899689969,0.825,0.7045724572457245,logreg_bal
871,pollen,0.302,3848,5,2,769.6,0.0,0.0,0.0,0.0,0.0008058939708939,0.0206174829088089,1.0,0.5,inf,1.0,0.4963629599567099,0.4963643118909699,0.4880499188311688,linsvc
881,mv,3.204,40768,10,2,4076.8,0.0,0.0,0.0,0.0,195.93714543823936,0.0926138433041701,0.9729212144264806,0.5965708398744113,2.333333333333333,1.0,0.9964934019047976,0.996884807995576,0.952838326402056,linsvc
897,colleges_aaup,0.267,1161,15,2,77.4,0.0146999712891185,0.0585701981050818,0.0,0.4,550.7556300141807,1.6363623402677268,0.8809748061658638,0.7002583979328165,6.5,1.0,0.9796785644896252,0.985359627053426,0.9275549317560522,logreg_bal
901,fried,4.09,40768,10,2,4076.8,0.0,0.0,0.0,0.0,0.4997044422095761,0.0015462381676243,0.999996790015353,0.5010547488226059,inf,1.0,0.8369288303671955,0.8369309292380717,0.8649583309349375,knn5
903,fri_c2_1000_25,0.221,1000,25,2,40.0,0.0,0.0,0.0,0.0,3.4399999992018593e-09,0.0239683308933019,0.9885173903891564,0.563,inf,1.0,0.6632437545162599,0.67,0.694482203789497,knn5
910,fri_c1_1000_10,0.215,1000,10,2,100.0,0.0,0.0,0.0,0.0,1.899999998933311e-09,-0.0212258859163792,0.9881489563064276,0.564,inf,1.0,0.6677176341865845,0.6799999999999999,0.7517774578691576,knn5
912,fri_c2_1000_5,0.196,1000,5,2,200.0,0.0,0.0,0.0,0.0,2.799999998615021e-09,0.1310479556272447,0.9795438195294628,0.584,inf,1.0,0.7242894528727516,0.735,0.9074785817515356,knn5
913,fri_c2_1000_10,0.192,1000,10,2,100.0,0.0,0.0,0.0,0.0,6.999999974333092e-10,0.0960463951462556,0.9814538950336535,0.58,inf,1.0,0.706855500821018,0.719,0.7979064039408866,knn5
917,fri_c1_1000_25,0.21,1000,25,2,40.0,0.0,0.0,0.0,0.0,-1.559999999543038e-09,0.0062115043266711,0.993885872489772,0.546,inf,1.0,0.6524384891357369,0.659,0.6216907964614388,linsvc
923,visualizing_soil,0.375,8641,4,2,2160.25,0.0,0.0,0.0,0.0,17.85237684681557,0.2559250228128802,0.992759369358745,0.5500520773058674,3.0,1.0,0.993441587014852,0.9940979585716428,0.9938047384832808,linsvc
930,colleges_usnews,0.3,1302,33,2,39.45454545454545,0.1822371177209887,0.4907834101382488,0.0,0.9090909090909092,1716.3688539909351,1.4966319491800055,0.9976685824034748,0.5284178187403994,32.0,1.0,0.7456964701689408,0.7457795461243737,0.7175497324607658,logreg_bal
934,socmob,0.256,1156,5,2,231.2,0.0,0.0,0.0,0.0,16.94074394463668,7.193711684481208,0.7628122983351655,0.7785467128027682,0.25,1.0,0.882164404223228,0.9385579937304076,0.9098667672197084,logreg_bal
958,segment,0.265,2310,18,2,128.33333333333334,0.0,0.0,0.0,0.0,25.501652141029343,3.32095885523078,0.5916727785823275,0.8571428571428571,inf,0.9030303030303032,0.9921717171717171,0.9974025974025976,0.9840909090909092,logreg
959,nursery,0.753,12960,8,2,1620.0,0.0,0.0,0.0,0.0,,,0.9182958340544896,0.6666666666666666,0.0,1.0,1.0,1.0,1.0,logreg
962,mfeat-morphological,0.216,2000,6,2,333.3333333333333,0.0,0.0,0.0,0.0,1052.69973157425,0.5315671733271813,0.4689955935892812,0.9,inf,0.944,0.9925,0.9985,0.9925,logreg
966,analcatdata_halloffame,0.261,1340,16,2,83.75,0.0009328358208955,0.0149253731343283,0.0,0.0625,637.4240550806572,0.8335889988230138,0.4473360444854856,0.9067164179104478,15.0,1.0,0.8045925925925926,0.9514925373134328,0.7458271604938271,logreg_bal
976,JapaneseVowels,0.616,9961,14,2,711.5,0.0,0.0,0.0,0.0,2.0532722924190057,0.1098366996914081,0.6391484789513524,0.8379680754944283,inf,1.0,0.9260844381526456,0.9640593986583564,0.9852559571000604,knn5
977,letter,0.925,20000,16,2,1250.0,0.0,0.0,0.0,0.0,5.925465625,0.2902970341018098,0.2452645188737295,0.95935,inf,0.9334,0.7522005610355605,0.9766,0.9787047704060076,knn5
979,waveform-5000,0.965,5000,40,2,125.0,0.0,0.0,0.0,0.0,0.8994882000000001,0.0354682736242672,0.9232793793699432,0.6616,inf,1.0,0.8381251259118627,0.8497999999999999,0.8033690556887789,logreg_bal
983,cmc,0.284,1473,9,2,163.66666666666666,0.0,0.0,0.0,0.0,17.89986422267481,0.677731575793992,0.9845770107616216,0.572980312287848,0.2857142857142857,0.921928038017651,0.6547922513384051,0.6775256543295285,0.6250606555837326,logreg
991,car,0.282,1728,6,2,288.0,0.0,0.0,0.0,0.0,,,0.8810077539356893,0.7002314814814815,0.0,1.0,0.9498510205593172,0.953705286085281,0.8157020164301718,logreg_bal
995,mfeat-zernike,0.295,2000,47,2,42.5531914893617,0.0,0.0,0.0,0.0,88.6364294204149,0.7908300749973223,0.4689955935892812,0.9,inf,0.997,0.9844444444444445,0.996,0.9791666666666666,logreg_bal
1000,hypothyroid,0.576,3772,27,2,139.7037037037037,0.0225050076587722,0.2038706256627783,0.0,0.2592592592592592,46.436689696411385,3.569191882469104,0.392047249528901,0.9228525980911984,0.2857142857142857,0.983828207847296,0.7612803655196452,0.9602315245841164,0.6854207317771943,logreg_bal
1019,pendigits,0.559,10992,16,2,687.0,0.0,0.0,0.0,0.0,50.711045533115,-0.0391960821203113,0.4817836662695727,0.895924308588064,inf,1.0,0.9846236441734632,0.993904500391236,0.997388338337297,knn5
1021,page-blocks,0.322,5473,10,2,547.3,0.0,0.0,0.0,0.0,253.32758631463548,14.711451967520436,0.4763084842226657,0.8976795176320117,inf,0.9853827882331444,0.8136943400035103,0.9495711769469,0.8899389397914088,logreg_bal
1037,ada_prior,0.567,4562,14,2,325.85714285714283,0.0013778417987098,0.0192897851819377,0.0,0.0714285714285714,32078.84787373958,2.831868883410159,0.8083116159412278,0.7518632178868917,0.75,1.0,0.7574624134476995,0.842612795680329,0.7303739657226691,logreg_bal
1044,eye_movements,1.233,10936,27,3,405.037037037037,0.0,0.0,0.0,0.0,349.45214278224825,3.0681436429144973,1.5662478253027112,0.3897220190197513,8.0,1.0,0.4998317610318546,0.4999072130563767,0.5198024660600848,knn5
1046,mozilla4,0.493,15545,5,2,3109.0,0.0,0.0,0.0,0.0,221598.5630363461,1.4714719487732455,0.91348383114068,0.671405596654873,inf,1.0,0.8360913253394205,0.8503055644901899,0.87047455326602,knn5
1049,pc4,0.263,1458,37,2,39.4054054054054,0.0,0.0,0.0,0.0,583.4640334779226,6.450282232943047,0.5353247216329435,0.877914951989026,inf,0.921124828532236,0.6876029265873017,0.9101609942098572,0.6482093253968254,logreg_bal
1050,pc3,0.264,1563,37,2,42.24324324324324,0.0,0.0,0.0,0.0,1008.14586726842,10.324325597699096,0.4764549714253223,0.8976327575175944,inf,0.9187460012795904,0.5581364387391968,0.8976243139182436,0.5578914590747331,logreg_bal
1053,jm1,1.199,10885,21,2,518.3333333333334,0.0001093685062449,0.0004593477262287,0.0,0.238095238095238,1902.7823686449665,15.83647074795047,0.7086892115305543,0.8065227377124483,inf,0.8106568672485072,0.5442262597241704,0.8114836931557189,0.587919306621967,logreg_bal
1056,mc1,1.238,9466,38,2,249.10526315789477,0.0,0.0,0.0,0.0,360.55809570540544,17.77006722324651,0.0614814326341265,0.9928163955208114,inf,0.2119163321360659,0.580556436503381,0.9935558169904016,0.6529774411269207,logreg_bal
1067,kc1,0.284,2109,21,2,100.42857142857144,0.0,0.0,0.0,0.0,285.096916615864,4.203178136828375,0.6211733422333798,0.8454243717401612,inf,0.5651967757230915,0.5954033738898247,0.858226294874537,0.5904474364586725,logreg_bal
1068,pc1,0.218,1109,21,2,52.80952380952381,0.0,0.0,0.0,0.0,1500.9949675812618,8.008505554819523,0.3638001053192341,0.9305680793507664,inf,0.8548241659152389,0.5548782303831903,0.9314703844115608,0.6021783101167862,logreg_bal
1069,pc2,0.97,5589,36,2,155.25,0.0,0.0,0.0,0.0,80.89554874654578,17.15083169850104,0.0385371808878719,0.9958847736625516,inf,0.251207729468599,0.4999101527403414,0.9957059783505204,0.5,logreg_bal
1119,adult-census,5.171,32561,14,2,2325.785714285714,0.0093494847034357,0.0566014557292466,0.0,0.2142857142857142,31838.736494579407,3.0783611570443004,0.7963839552022132,0.7591904425539756,0.75,0.9992322103129512,0.7661552423787462,0.8520624221223023,0.7568483991082928,logreg_bal
1120,MagicTelescope,1.427,19020,10,2,1902.0,0.0,0.0,0.0,0.0,30.677838007360677,0.646344955486718,0.935515244546736,0.6483701366982124,inf,0.9939537329127236,0.7446588993641023,0.7903259726603575,0.7960025006125855,knn5
1220,Click_prediction_small,3.103,39948,9,2,4438.666666666667,0.0,0.0,0.0,0.0,2225380.713750097,19.564762903614472,0.6540751823932877,0.8315810553719836,inf,0.9951436867928308,0.5032520583627955,0.8323570660596994,0.5266324487332007,logreg_bal
1444,PizzaCutter3,0.29,1043,37,2,28.18918918918919,0.0,0.0,0.0,0.0,1243.5363382653986,9.458710345253484,0.5344106667605464,0.87823585810163,inf,1.0,0.5689391048485846,0.8801527419948473,0.5610019281027834,logreg_bal
1590,adult,9.166,48842,14,2,3488.714285714286,0.0094546847853428,0.057511977396503,0.0,0.2142857142857142,31819.97476557062,3.0638608083339345,0.7938438393644256,0.7607182343065395,0.75,0.9988329716227836,0.7641599646452966,0.8516439980586771,0.7522691667623431,logreg_bal
1568,nursery,1.209,12958,8,4,1619.75,0.0,0.0,0.0,0.0,,,1.7145838974189085,0.3333847816020991,0.0,1.0,0.8670452485646809,0.9257595737381534,0.861609297915767,logreg_bal
1560,cardiotocography,0.309,2126,35,3,60.74285714285714,0.0,0.0,0.0,0.0,106.21290686735657,2.392190348466071,0.9742047584181182,0.7784571966133584,inf,0.9948259642521168,0.9833274568468384,0.991063242198288,0.9782342743026854,logreg
1558,bank-marketing,0.433,4521,16,2,282.5625,0.0,0.0,0.0,0.0,255.25819192972477,3.3570318763599354,0.5155217894467282,0.8847600088476001,0.7777777777777778,1.0,0.6468333333333334,0.9009052461741552,0.6087316849816851,logreg_bal
1557,abalone,0.376,4177,8,3,522.125,0.0,0.0,0.0,0.0,0.3827034098293375,0.6203687756176234,1.5839636149471126,0.3464208762269571,7.0,1.0,0.649608216837356,0.652860785605822,0.6169739969241993,logreg
1555,autoUniv-au6-1000,0.319,1000,40,8,25.0,0.0,0.0,0.0,0.0,4239.049820405406,-0.04584203760937,2.9216026617368103,0.24,12.333333333333334,1.0,0.1396392491415122,0.184,0.1341484545034989,logreg
1552,autoUniv-au7-1100,0.269,1100,12,5,91.66666666666669,0.0,0.0,0.0,0.0,1061.5329261363636,0.0628394090672157,2.2806595148216537,0.2772727272727273,2.0,1.0,0.3122733012318238,0.3336363636363636,0.2790412208910069,logreg_bal
1547,autoUniv-au1-1000,0.209,1000,20,2,50.0,0.0,0.0,0.0,0.0,0.4680000000000001,0.1498267243776422,0.8252336065126468,0.741,inf,0.997,0.5432036480891593,0.74,0.5739554991232845,logreg_bal
1526,wall-robot-navigation,13.022,5456,4,4,1364.0,0.0,0.0,0.0,0.0,1.2817708944281527,2.5363941158687298,1.7146327422659768,0.4041422287390029,inf,0.9908357771260996,0.925478636142098,0.9417161054649597,0.9584732500267604,knn5
1507,twonorm,1.94,7400,20,2,370.0,0.0,0.0,0.0,0.0,0.0023114067567567,0.0115705913254739,0.999999525775866,0.5004054054054055,inf,1.0,0.9778358056247808,0.9778378378378376,0.9695945605392936,linsvc
1489,phoneme,1.012,5404,5,2,1080.8,0.0,0.0,0.0,0.0,-1.2287194670162342e-08,0.7794652586095059,0.8731822577241405,0.7065136935603257,inf,0.9983345669874168,0.6673436740209321,0.7499962311988213,0.8421745003352277,knn5
1494,qsar-biodeg,0.934,1055,41,2,25.73170731707317,0.0,0.0,0.0,0.0,2.683521574384464,3.798639220053295,0.9223486063040568,0.6625592417061611,inf,0.9971563981042654,0.8572809559193691,0.875829383886256,0.8429374729592585,logreg
1496,ringnorm,1.77,7400,20,2,370.0,0.0,0.0,0.0,0.0,204.23425000000003,-0.2338108949714019,0.999931710654688,0.5048648648648648,inf,1.0,0.7588435330285067,0.7593243243243243,0.6823123774592027,linsvc
1497,wall-robot-navigation,1.324,5456,24,4,227.33333333333331,0.0,0.0,0.0,0.0,2.04579234634653,1.5222576378064734,1.7146327422659768,0.4041422287390029,inf,1.0,0.6452187321572055,0.7023482170136616,0.8542220111360225,knn5
1504,steel-plates-fault,0.999,1941,33,2,58.81818181818182,0.0,0.0,0.0,0.0,106447.78586589232,3.6458966474516057,0.9311123348674444,0.6532715095311695,inf,1.0,0.998860030555882,0.9989703972649936,0.9824507380897292,linsvc
1481,kr-vs-k,6.64,28056,6,18,4676.0,0.0,0.0,0.0,0.0,3.606073567151411,0.2496874742916007,3.50415902053474,0.1622825777017393,1.0,1.0,0.3055937294845002,0.3273809349901102,0.4634371239219217,knn5
1466,cardiotocography,1.017,2126,35,10,60.74285714285714,0.0,0.0,0.0,0.0,106.21290686735657,2.392190348466071,2.913356388291818,0.2723424270931326,inf,0.9948259642521168,1.0,1.0,0.9966074573161794,logreg
1471,eeg-eye-state,2.635,14980,14,2,1070.0,0.0,0.0,0.0,0.0,4316.882028546157,71.73726620900263,0.992422373387609,0.5512016021361815,inf,1.0,0.5800724172616121,0.598931909212283,0.8621041314509208,knn5
1462,banknote-authentication,0.736,1372,4,2,343.0,0.0,0.0,0.0,0.0,0.6405147434402334,-0.1192914188861706,0.991128125746746,0.5553935860058309,inf,0.9825072886297376,0.983254876583938,0.9817677504976776,0.998030615755074,knn5
1453,PieChart3,0.945,1077,37,2,29.10810810810811,0.0,0.0,0.0,0.0,1405.3119789706143,9.135780975253398,0.541933067099493,0.8755803156917363,inf,1.0,0.5582192433256263,0.8765030146425495,0.5791249924228647,logreg_bal
4154,CreditCardSubset,2.99,14240,30,2,474.6666666666667,0.0,0.0,0.0,0.0,3154.2742740711547,-0.2726868003005685,0.0173075466542745,0.998384831460674,inf,0.9763342696629214,0.7198593035525853,0.998806179775281,0.8848944900322702,knn5
4534,PhishingWebsites,2.011,11055,30,2,368.5,0.0,0.0,0.0,0.0,,,0.99062392274143,0.5569425599276345,0.0,0.5232926277702397,0.9382257372578928,0.9400271370420624,0.9534416125249718,knn5
1459,artificial-characters,1.369,10218,7,10,1459.7142857142858,0.0,0.0,0.0,0.0,15.677500209713951,0.6738720824506815,3.284826011062924,0.1385789782736347,inf,0.4759248385202583,0.3414948702899183,0.3527105107124418,0.6668371991282568,knn5
1461,bank-marketing,6.085,45211,16,2,2825.6875,0.0,0.0,0.0,0.0,245.8171083522657,8.806191925405031,0.5206312212538164,0.8830151954170445,0.7777777777777778,1.0,0.6605705907287309,0.9016832307232352,0.6592580881406999,logreg_bal
4538,GesturePhaseSegmentationProcessed,2.804,9873,32,5,308.53125,0.0,0.0,0.0,0.0,0.0013097793076762,0.953503583747384,2.193423736133549,0.2987946925959688,inf,1.0,0.365929018196252,0.4751339053262026,0.5292541632756826,knn5
40499,texture,2.23,5500,40,11,137.5,0.0,0.0,0.0,0.0,-0.6055166227272728,0.2853136375729959,3.4594316186372978,0.0909090909090909,inf,0.9950909090909092,0.9941818181818182,0.9941818181818182,0.9812727272727272,linsvc
40474,thyroid-allbp,1.496,2800,26,5,107.6923076923077,0.0,0.0,0.0,0.0,46.566607194523804,4.054667134348185,1.5276631408411316,0.5828571428571429,0.3,0.9825,0.437107083301856,0.7125000000000001,0.4213337701447954,logreg_bal
40498,wine-quality-white,1.164,4898,11,7,445.27272727272725,0.0,0.0,0.0,0.0,18.43268707238576,1.30042016396477,1.861714933235556,0.448754593711719,inf,0.8086974275214374,0.2250837080430812,0.5345006358007963,0.2790039086314103,logreg_bal
40475,thyroid-allhyper,1.503,2800,26,5,107.6923076923077,0.0,0.0,0.0,0.0,46.566607194523804,4.054667134348185,1.5276631408411316,0.5828571428571429,0.3,0.9825,0.437107083301856,0.7125000000000001,0.4213337701447954,logreg_bal
40476,thyroid-allhypo,1.561,2800,26,5,107.6923076923077,0.0,0.0,0.0,0.0,46.566607194523804,4.054667134348185,1.5276631408411316,0.5828571428571429,0.3,0.9825,0.437107083301856,0.7125000000000001,0.4213337701447954,logreg_bal
40477,thyroid-allrep,1.485,2800,26,5,107.6923076923077,0.0,0.0,0.0,0.0,46.566607194523804,4.054667134348185,1.5276631408411316,0.5828571428571429,0.3,0.9825,0.437107083301856,0.7125000000000001,0.4213337701447954,logreg_bal
40478,thyroid-dis,1.542,2800,26,5,107.6923076923077,0.0,0.0,0.0,0.0,46.566607194523804,4.054667134348185,1.5276631408411316,0.5828571428571429,0.3,0.9825,0.437107083301856,0.7125000000000001,0.4213337701447954,logreg_bal
40497,thyroid-ann,0.987,3772,21,3,179.61904761904762,0.0,0.0,0.0,0.0,0.076308602484472,8.323514986420546,0.4540573327827863,0.9247083775185578,inf,0.9832979851537644,0.7505383229208563,0.9623542431535124,0.6045714518966431,logreg_bal
40646,GAMETES_Epistasis_2-Way_20atts_0.1H_EDM-1_1,0.92,1600,20,2,80.0,0.0,0.0,0.0,0.0,,,1.0,0.5,0.0,0.999375,0.486875,0.486875,0.5275000000000001,knn5
40647,GAMETES_Epistasis_2-Way_20atts_0.4H_EDM-1_1,0.931,1600,20,2,80.0,0.0,0.0,0.0,0.0,,,1.0,0.5,0.0,0.998125,0.469375,0.469375,0.5862499999999999,knn5
40648,GAMETES_Epistasis_3-Way_20atts_0.2H_EDM-1_1,0.925,1600,20,2,80.0,0.0,0.0,0.0,0.0,,,1.0,0.5,0.0,0.999375,0.5218750000000001,0.5218750000000001,0.5293749999999999,knn5
40649,GAMETES_Heterogeneity_20atts_1600_Het_0.4_0.2_50_EDM-2_001,0.942,1600,20,2,80.0,0.0,0.0,0.0,0.0,,,1.0,0.5,0.0,0.995,0.490625,0.490625,0.5425,knn5
40650,GAMETES_Heterogeneity_20atts_1600_Het_0.4_0.2_75_EDM-2_001,0.993,1600,20,2,80.0,0.0,0.0,0.0,0.0,,,1.0,0.5,0.0,0.999375,0.50625,0.50625,0.56375,knn5
40664,car-evaluation,0.943,1728,21,4,82.28571428571429,0.0,0.0,0.0,0.0,,,1.2057409700121753,0.7002314814814815,0.0,1.0,0.7961070030448021,0.9178252492250986,0.4102575056522425,logreg_bal
40677,led24,1.11,3200,24,10,133.33333333333334,0.0,0.0,0.0,0.0,,,3.320694494938828,0.1053125,0.0,0.9996875,0.7223827815111706,0.7228125,0.575604203920206,linsvc
40678,led7,0.902,3200,7,10,457.1428571428572,0.0,0.0,0.0,0.0,,,3.3190052174611777,0.1065625,0.0,0.035625,0.729834837205011,0.73375,0.6934381188108802,linsvc
40680,mofn-3-7-10,0.753,1324,10,2,132.4,0.0,0.0,0.0,0.0,,,0.7611592355158556,0.7794561933534743,0.0,0.7734138972809668,1.0,1.0,0.8117743141483945,logreg
40687,solar-flare,0.835,1066,11,6,96.9090909090909,0.0,0.0,0.0,0.0,,,2.361955953985837,0.3105065666041275,0.0,0.2692307692307692,0.6072355412352592,0.7476065113421966,0.5745246119576134,logreg_bal
40691,wine-quality-red,0.829,1599,11,6,145.36363636363637,0.0,0.0,0.0,0.0,8.134219224515322,1.6831140163056897,1.7090616375059242,0.425891181988743,inf,0.849906191369606,0.297880362434251,0.5934913793103448,0.2864915687042032,logreg_bal
40701,churn,1.135,5000,20,2,250.0,0.0,0.0,0.0,0.0,224.322423625,0.1395287334036856,0.5878935751446988,0.8586,4.0,1.0,0.5830535743537844,0.8542,0.6040080280570457,logreg_bal
40702,solar-flare,0.716,1066,9,2,118.44444444444444,0.0,0.0,0.0,0.0,,,0.6593758812786992,0.8292682926829268,0.0,0.2288930581613508,0.5647991886339344,0.8320652889298407,0.5741535256365765,logreg_bal
40706,parity5_plus_5,0.8,1124,10,2,112.4,0.0,0.0,0.0,0.0,,,0.9999429024267612,0.5044483985765125,0.0,0.9110320284697508,0.4486113334040674,0.449281746031746,0.5200438873733005,knn5
40707,allbp,1.46,3772,27,3,139.7037037037037,0.0,0.0,0.0,0.0,83.61925592082007,0.4968358484179213,0.2750970280826306,0.9567868504772004,0.2857142857142857,0.983828207847296,0.5121576237506116,0.9689813269626012,0.46064779119284,logreg_bal
40708,allrep,1.358,3772,27,4,139.7037037037037,0.0,0.0,0.0,0.0,83.61925592082007,0.4968358484179213,0.2599048887955414,0.9671261930010604,0.2857142857142857,0.983828207847296,0.3556751614133654,0.9681876789572608,0.3951009753254806,logreg_bal
40713,dis,1.149,3772,27,2,139.7037037037037,0.0,0.0,0.0,0.0,83.61925592082007,0.4968358484179213,0.1146265585336457,0.9846235418875928,0.2857142857142857,0.983828207847296,0.5,0.9846238164667028,0.507794975325258,logreg_bal
40982,steel-plates-fault,1.019,1941,27,7,71.88888888888889,0.0,0.0,0.0,0.0,130102.82519640506,3.741247383978777,2.410690442272441,0.3467284904688305,inf,1.0,0.711097823918572,0.7094095354199241,0.751878631451692,logreg_bal
40983,wilt,1.008,4839,5,2,967.8,0.0,0.0,0.0,0.0,204.9711689027485,3.3734293299197677,0.3028903171988337,0.9460632362058276,inf,0.9958669146517876,0.6298545507654086,0.955776577469724,0.7059470851951777,logreg_bal
40975,car,0.76,1728,6,4,288.0,0.0,0.0,0.0,0.0,,,1.2057409700121753,0.7002314814814815,0.0,1.0,0.769385459038569,0.9149334003518472,0.4102575056522425,logreg_bal
40984,segment,1.173,2310,16,7,144.375,0.0,0.0,0.0,0.0,13.168660605582904,3.7262322810926394,2.807354922057604,0.1428571428571428,inf,0.883982683982684,0.8714285714285713,0.8714285714285713,0.8922077922077921,knn5
40997,jungle_chess_2pcs_endgame_panther_lion,1.621,4704,44,3,106.9090909090909,0.0,0.0,0.0,0.0,4.317166241496599,0.2586060234492104,1.1596940737063717,0.5363520408163265,0.8333333333333334,1.0,0.919071839558956,0.985543446311077,0.946631512029058,logreg_bal
40998,jungle_chess_2pcs_endgame_panther_lion,1.549,4704,44,3,106.9090909090909,0.0,0.0,0.0,0.0,4.317166241496599,0.2586060234492104,1.1596940737063717,0.5363520408163265,0.8333333333333334,1.0,0.919071839558956,0.985543446311077,0.946631512029058,logreg_bal
40999,jungle_chess_2pcs_endgame_elephant_elephant,1.117,2351,39,2,60.282051282051285,0.0,0.0,0.0,0.0,4.520865825417079,0.208862464253968,0.9896702292439192,0.5597618034878775,0.8571428571428571,1.0,0.9458877709146348,0.9485323214527712,0.9948570679517944,linsvc
41000,jungle_chess_2pcs_endgame_panther_elephant,1.731,4704,42,3,112.0,0.0,0.0,0.0,0.0,4.6188988095238095,0.1879265547716288,1.1995823472157707,0.5303996598639455,0.9090909090909092,1.0,0.7820318471921147,0.9387733737309788,0.9579221609603992,knn5
41001,jungle_chess_2pcs_endgame_complete,16.354,44819,46,3,974.3260869565216,0.0051336923296311,0.0393583078605055,0.0,0.1304347826086956,4.292334508247963,0.2008914304529733,1.3491090889091475,0.5145585577545237,0.7692307692307693,1.0,0.7987493025830328,0.8789352159900963,0.9417804829908736,knn5
41002,jungle_chess_2pcs_endgame_rat_panther,1.808,5880,44,3,133.63636363636363,0.0136363636363636,0.1,0.0,0.1363636363636363,4.234520030234316,0.203143379295364,1.533332437758364,0.4447278911564626,0.8333333333333334,1.0,0.982996122104414,0.9841836734693878,0.9910390008186212,knn5
41003,jungle_chess_2pcs_endgame_rat_elephant,1.938,5880,44,3,133.63636363636363,0.0136363636363636,0.1,0.0,0.1363636363636363,4.384520030234316,0.203143379295364,1.4169780943770398,0.4960884353741496,0.8333333333333334,1.0,0.899973690375937,0.9147959183673467,0.977229986847396,knn5
41004,jungle_chess_2pcs_endgame_lion_elephant,1.626,4704,44,3,106.9090909090909,0.0,0.0,0.0,0.0,4.467166241496599,0.2586060234492104,1.5461173811139517,0.4419642857142857,0.8333333333333334,1.0,0.9897137613690472,0.9887324485043072,0.9824344507888604,logreg
41005,jungle_chess_2pcs_endgame_rat_rat,1.348,3660,41,2,89.26829268292683,0.0,0.0,0.0,0.0,4.412188828172434,0.2538299335731619,0.9890678174378252,0.5614754098360656,0.782608695652174,1.0,0.9564499624803874,0.9573770491803278,0.9943356754667212,linsvc
41006,jungle_chess_2pcs_endgame_rat_lion,1.937,5880,46,3,127.82608695652172,0.0130434782608695,0.1,0.0,0.1304347826086956,4.077924225245654,0.2694125556703215,1.2712930392163024,0.523469387755102,0.7692307692307693,1.0,0.9033025036221648,0.9693877551020408,0.916570964119656,logreg_bal
41007,jungle_chess_2pcs_endgame_lion_lion,1.121,2352,41,2,57.36585365853659,0.0,0.0,0.0,0.0,3.9314058956916096,0.160628139932013,0.9729535064682728,0.5965136054421769,0.782608695652174,1.0,0.9565608069204248,0.9587613497763924,0.9686759380658052,knn5
41027,jungle_chess_2pcs_raw_endgame_complete,1.958,44819,6,3,7469.833333333333,0.0,0.0,0.0,0.0,3.7195794938158655,-0.2097468597694192,1.3491090889091475,0.5145585577545237,inf,1.0,0.5090018911359233,0.676476615674644,0.6778148825709995,knn5
40900,Satellite,1.09,5100,36,2,141.66666666666666,0.0,0.0,0.0,0.0,85.71349128540305,-0.1096173151401046,0.110580844769887,0.9852941176470588,inf,1.0,0.8327363184079601,0.993921568627451,0.7465671641791045,logreg_bal
41156,ada,1.121,4147,46,2,90.15217391304348,0.0,0.0,0.0,0.0,35.57005063901616,5.941139395693546,0.8083026548320319,0.751868820834338,inf,0.9997588618278274,0.7707142334026478,0.8480831892104002,0.7444293336215615,logreg_bal
41146,sylvine,1.1,5124,20,2,256.2,0.0,0.0,0.0,0.0,857.3030347384856,0.1082468876415195,1.0,0.5,inf,1.0,0.911786138523392,0.9117875381097562,0.8231820327729045,linsvc
41671,microaggregation2,4.883,20000,20,5,1000.0,0.0,0.0,0.0,0.0,2.9713915450800004,2.101372676385758,1.7528232143955316,0.5581,inf,1.0,0.249019460947055,0.5688500000000001,0.321437640376028,logreg_bal
41713,FOREX_eurnzd-day-High,7.797,1832,11,2,166.54545454545453,0.0,0.0,0.0,0.0,27344.247202991264,-0.0697582143932806,0.998691980866812,0.5212882096069869,10.0,1.0,0.7074572482491331,0.7068611247599053,0.5664928435438907,linsvc
41716,FOREX_eurcad-day-Close,1.69,1834,11,2,166.72727272727272,0.0,0.0,0.0,0.0,31766.38605461123,0.0567309812753759,0.9990656114034404,0.5179934569247546,10.0,1.0,0.5133727664693322,0.5228912612974792,0.4938632308815182,linsvc
41719,FOREX_eurjpy-day-High,1.853,1832,11,2,166.54545454545453,0.0,0.0,0.0,0.0,43819.21013138646,-0.203987437581822,0.9996896212753276,0.5103711790393013,10.0,1.0,0.7110448553892523,0.7107294411935499,0.5501183209020869,linsvc
41720,FOREX_eurusd-day-High,1.73,1837,11,2,167.0,0.0,0.0,0.0,0.0,48092.00632097714,0.9805307411416828,0.9987322461876548,0.5209580838323353,10.0,1.0,0.7069701431857845,0.7066031868262054,0.5728413057274313,linsvc
41721,FOREX_audcad-day-High,1.821,1834,11,2,166.72727272727272,0.0,0.0,0.0,0.0,31573.727507763902,1.208615756329041,0.999831856990664,0.5076335877862596,10.0,1.0,0.7151640065303353,0.7142910319977368,0.580742265452813,linsvc
41722,FOREX_usdjpy-day-Close,1.825,1835,11,2,166.8181818181818,0.0,0.0,0.0,0.0,30629.418000032696,0.0428911511231508,0.9997941189125672,0.5084468664850136,10.0,1.0,0.5059023570435504,0.5095367847411444,0.494721314436999,linsvc
41724,FOREX_chfjpy-day-Close,1.542,1832,11,2,166.54545454545453,0.0,0.0,0.0,0.0,29690.043474923583,-0.3754913607686166,0.9999785070632168,0.5027292576419214,10.0,1.0,0.5220970653632806,0.5218013430413484,0.5098271747933187,logreg_bal
41725,FOREX_eurcad-day-High,1.7,1834,11,2,166.72727272727272,0.0,0.0,0.0,0.0,31766.38605461123,0.0567309812753759,0.9997803820287026,0.5087241003271538,10.0,1.0,0.7157381922001316,0.7175592978067629,0.5719143297484685,linsvc
41726,FOREX_audusd-day-High,1.518,1834,11,2,166.72727272727272,0.0,0.0,0.0,0.0,26264.938604031624,1.1882483978199878,0.9985574915198696,0.5223555070883316,10.0,1.0,0.6973252561138688,0.6989904855496494,0.5563941419618775,linsvc
41730,FOREX_usdchf-day-High,1.611,1835,11,2,166.8181818181818,0.0,0.0,0.0,0.0,23449.27260889155,0.0989570324234683,0.999998071964132,0.500817438692098,10.0,1.0,0.710771560940841,0.7106267029972753,0.581548467569494,linsvc
41731,FOREX_eursek-day-High,1.864,1837,11,2,167.0,0.0,0.0,0.0,0.0,12277.419453008164,0.9590948576774888,0.9993532796714474,0.5149700598802395,10.0,1.0,0.6942206631455993,0.6935286103542234,0.5502292453736676,linsvc
41733,FOREX_eurhkd-day-High,1.677,1832,11,2,166.54545454545453,0.0,0.0,0.0,0.0,13108.454864583517,0.6350003451432775,0.9983349545873056,0.5240174672489083,10.0,1.0,0.7189185139573071,0.7189038281145307,0.5476617405582923,linsvc
41737,FOREX_audusd-day-Close,1.565,1834,11,2,166.72727272727272,0.0,0.0,0.0,0.0,26264.938604031624,1.1882483978199878,0.9999785539145232,0.5027262813522355,10.0,1.0,0.5148852764907648,0.5152633224639299,0.5190039817374101,knn5
41753,FOREX_usdcad-day-High,1.634,1833,11,2,166.63636363636363,0.0,0.0,0.0,0.0,24737.80048039389,0.527880112882275,0.999982609727903,0.502454991816694,10.0,1.0,0.7072408536574609,0.7070606453149894,0.5357517956733922,linsvc
41754,FOREX_eurjpy-day-Close,1.734,1832,11,2,166.54545454545453,0.0,0.0,0.0,0.0,43819.21013138646,-0.203987437581822,0.9996560873907868,0.5109170305676856,10.0,1.0,0.5012788116373954,0.5049254775837169,0.5416308271180633,knn5
41756,FOREX_audsgd-day-High,1.777,1832,11,2,166.54545454545453,0.0,0.0,0.0,0.0,12180.809428126093,0.6603989369867126,0.999831489651491,0.50764192139738,10.0,1.0,0.6780755064456722,0.6774035526570479,0.5127567872631141,linsvc
41760,FOREX_eurhuf-day-High,2.64,1834,11,2,166.72727272727272,0.0,0.0,0.0,0.0,3012.0621521264998,0.3690994127984289,0.9988879546828084,0.5196292257360959,10.0,1.0,0.7171053157007347,0.7164604457944342,0.5847325705669801,linsvc
41764,FOREX_gbpusd-day-High,1.821,1834,11,2,166.72727272727272,0.0,0.0,0.0,0.0,32012.158629138496,0.2685992766496157,0.9996568371232794,0.5109051254089422,10.0,1.0,0.7085864913953795,0.7082711692797903,0.5245132589485517,linsvc
41765,FOREX_eurtry-day-Close,1.594,1832,11,2,166.54545454545453,0.0,0.0,0.0,0.0,10813.456817437229,2.749533979402896,0.9996896212753276,0.5103711790393013,10.0,1.0,0.4964557670029244,0.504931433421182,0.4883824940167366,linsvc
41766,FOREX_eurgbp-day-High,1.637,1835,11,2,166.8181818181818,0.0,0.0,0.0,0.0,27734.38630857384,0.0710238042258074,0.9996398559365692,0.5111716621253406,10.0,1.0,0.7217442907126939,0.7209809264305178,0.559353602730799,linsvc
41769,FOREX_audcad-day-Close,1.488,1834,11,2,166.72727272727272,0.0,0.0,0.0,0.0,31573.727507763902,1.208615756329041,0.9997220422580247,0.509814612868048,10.0,1.0,0.5174388146997415,0.5196155506916217,0.5212211002565915,logreg_bal
41783,FOREX_eurdkk-day-Close,1.995,1836,11,2,166.9090909090909,0.0,0.0,0.0,0.0,1799.1582226879086,0.4715328863144813,0.9987636242791152,0.5206971677559913,10.0,1.0,0.5370775821037601,0.5441431702404929,0.4865547655878153,linsvc
41784,FOREX_gbpusd-day-Close,1.726,1834,11,2,166.72727272727272,0.0,0.0,0.0,0.0,32012.158629138496,0.2685992766496157,0.9998069775786188,0.5081788440567067,10.0,1.0,0.503414986350659,0.5065499322523489,0.4961091197548996,logreg
41785,FOREX_eurtry-day-High,1.653,1832,11,2,166.54545454545453,0.0,0.0,0.0,0.0,10813.456817437229,2.749533979402896,0.9997799022273356,0.5087336244541485,10.0,1.0,0.6093304007820136,0.6124581230178229,0.5219631801889866,linsvc
41788,FOREX_audnzd-day-High,2.378,1832,11,2,166.54545454545453,0.0,0.0,0.0,0.0,23868.355745994544,1.044540545794225,0.9934830119321,0.5474890829694323,10.0,1.0,0.6935477949791022,0.7052575155224015,0.5359943491741729,linsvc
41790,FOREX_cadjpy-day-Close,1.465,1834,11,2,166.72727272727272,0.0,0.0,0.0,0.0,29393.578141723014,0.6854139589457813,0.9999691175695812,0.5032715376226826,10.0,1.0,0.5127253196034379,0.5130998645046976,0.5064948640964321,logreg
41791,FOREX_eurusd-day-Close,1.48,1837,11,2,167.0,0.0,0.0,0.0,0.0,48092.00632097714,0.9805307411416828,0.9999519034887872,0.5040827436037016,10.0,1.0,0.512781506467387,0.5133292856296647,0.4846713513450689,logreg
41797,FOREX_usdjpy-day-High,1.634,1835,11,2,166.8181818181818,0.0,0.0,0.0,0.0,30629.418000032696,0.0428911511231508,0.999989502895046,0.5019073569482289,10.0,1.0,0.703771113993851,0.7040871934604904,0.5455306865730958,linsvc
41801,FOREX_eursgd-day-High,1.677,1832,11,2,166.54545454545453,0.0,0.0,0.0,0.0,19222.79834145033,0.4020446589180211,0.9990059432065904,0.5185589519650655,10.0,1.0,0.7139948436190631,0.712872053721654,0.5330649717514124,linsvc
41803,FOREX_eurchf-day-High,1.649,1833,11,2,166.63636363636363,0.0,0.0,0.0,0.0,18488.817830452263,0.1540679023571402,0.9967494546645874,0.5335515548281505,10.0,1.0,0.6460570841021969,0.6579398758207888,0.5375405546834118,linsvc
41811,FOREX_cadchf-day-Close,1.567,1831,11,2,166.45454545454547,0.0,0.0,0.0,0.0,19600.06015971436,0.6800027818585569,0.999033917045417,0.5182960131075914,10.0,1.0,0.5143208979047516,0.5248507318235285,0.5127471585143307,logreg_bal
41812,FOREX_eurnok-day-Close,1.492,1837,11,2,167.0,0.0,0.0,0.0,0.0,11636.109352944472,0.1591483995178181,0.9999946559959872,0.5013609145345672,10.0,1.0,0.5144099677011296,0.5144221656201872,0.4910487340512287,logreg_bal
41815,FOREX_eurrub-day-Close,1.65,1832,11,2,166.54545454545453,0.0,0.0,0.0,0.0,9850.879287024563,0.1460412936615761,0.9999965611444596,0.5010917030567685,10.0,1.0,0.5093670614251512,0.509305996039368,0.5152858604925604,knn5
41818,FOREX_euraud-day-Close,1.586,1834,11,2,166.72727272727272,0.0,0.0,0.0,0.0,35571.717200473824,-0.2590317497214478,0.9992784369549444,0.5158124318429662,10.0,1.0,0.4865934520382294,0.4967332231503402,0.4521929174912566,linsvc
41821,FOREX_eurpln-day-Close,2.63,1832,11,2,166.54545454545453,0.0,0.0,0.0,0.0,7453.993333491811,0.764991026355267,0.9996896212753276,0.5103711790393013,10.0,1.0,0.5274103008394826,0.5289409032027516,0.5052809727242853,linsvc
41826,FOREX_eurnzd-day-Close,1.665,1832,11,2,166.54545454545453,0.0,0.0,0.0,0.0,27344.247202991264,-0.0697582143932806,0.998691980866812,0.5212882096069869,10.0,1.0,0.4962373529611749,0.5098271318175727,0.5198886074658327,knn5
41827,FOREX_euraud-hour-Close,1693.567,43825,11,2,3984.090909090909,0.0,0.0,0.0,0.0,1489.721752778437,-0.0256901029761134,0.9999269558899204,0.505031374786081,10.0,1.0,0.5146426643663516,0.5164860239589275,0.5013013787439113,logreg_bal
41829,FOREX_nzdusd-day-Close,8.135,1828,11,2,166.1818181818182,0.0,0.0,0.0,0.0,18991.0131458337,0.3062583524881243,0.999460257849886,0.5136761487964989,10.0,1.0,0.5091004076130694,0.5131506849315068,0.4768770765558134,linsvc
41830,FOREX_nzdusd-day-High,1.865,1828,11,2,166.1818181818182,0.0,0.0,0.0,0.0,18991.0131458337,0.3062583524881243,0.999460257849886,0.5136761487964989,10.0,1.0,0.6986760482250464,0.6980253012950071,0.5391030884122313,linsvc
41834,FOREX_usdcad-day-Close,1.604,1833,11,2,166.63636363636363,0.0,0.0,0.0,0.0,24737.80048039389,0.527880112882275,0.9983743715367877,0.5237315875613748,10.0,1.0,0.491749486863711,0.5133723440687304,0.484414922003284,logreg_bal
41839,FOREX_cadjpy-day-High,2.861,1834,11,2,166.72727272727272,0.0,0.0,0.0,0.0,29393.578141723014,0.6854139589457813,0.9999922794337126,0.5016357688113413,10.0,1.0,0.7075381704301874,0.7077321659891902,0.555595349055791,linsvc
41841,FOREX_chfsgd-day-Close,2.12,1832,11,2,166.54545454545453,0.0,0.0,0.0,0.0,6985.050099680676,0.0720852640343933,0.999751528619772,0.5092794759825328,10.0,1.0,0.5345092492563686,0.5365360849302422,0.4908192410359732,logreg
41844,FOREX_eurgbp-day-Close,1.825,1835,11,2,166.8181818181818,0.0,0.0,0.0,0.0,27734.38630857384,0.0710238042258074,0.9997375570984456,0.5095367847411444,10.0,1.0,0.4853565062388592,0.4926430517711171,0.4952049910873441,logreg_bal
41846,FOREX_eursek-day-Close,1.64,1837,11,2,167.0,0.0,0.0,0.0,0.0,12277.419453008164,0.9590948576774888,0.9999638742759422,0.5035383777898748,10.0,1.0,0.5320979906225809,0.5329300438336689,0.4908673382443874,linsvc
41847,FOREX_eurdkk-day-High,2.036,1836,11,2,166.9090909090909,0.0,0.0,0.0,0.0,1799.1582226879086,0.4715328863144813,0.9996224837463398,0.511437908496732,10.0,1.0,0.6930156972074244,0.6911784741144414,0.5381409186289589,logreg
41848,FOREX_chfjpy-day-High,1.898,1832,11,2,166.54545454545453,0.0,0.0,0.0,0.0,29690.043474923583,-0.3754913607686166,0.9996560873907868,0.5109170305676856,10.0,1.0,0.7016545991444783,0.7014130224386176,0.5347621402493764,linsvc
41849,FOREX_audsgd-day-Close,1.615,1832,11,2,166.54545454545453,0.0,0.0,0.0,0.0,12180.809428126093,0.6603989369867126,0.9999578736430722,0.50382096069869,10.0,1.0,0.5128805590083515,0.5131400664075878,0.4901603161301695,linsvc
41857,FOREX_audjpy-day-Close,1.661,1832,11,2,166.54545454545453,0.0,0.0,0.0,0.0,32821.79122034934,0.639259714464732,0.9985543391652538,0.5223799126637555,10.0,1.0,0.5320450012465721,0.546388529057042,0.4746784311892296,logreg
41858,FOREX_usdchf-day-Close,1.84,1835,11,2,166.8181818181818,0.0,0.0,0.0,0.0,23449.27260889155,0.0989570324234683,0.9990381251962857,0.5182561307901907,10.0,1.0,0.5076203938682047,0.5160762942779291,0.5158022557472667,knn5
41946,Sick_numeric,0.976,3772,27,2,139.7037037037037,0.0,0.0,0.0,0.0,18.93088449000432,5.232169246392749,0.3323505555321104,0.9387592788971368,inf,0.983828207847296,0.7098664493509569,0.9565232666397316,0.6219045647334166,logreg_bal
42192,compas-two-years,1.046,5278,13,2,406.0,0.0,0.0,0.0,0.0,5.598576300546744,4.389861875735882,0.997477865912856,0.5295566502463054,1.1666666666666667,0.4770746494884426,0.6700700792846408,0.6741138876920868,0.6245192206095944,logreg
42193,compas-two-years,1.002,5278,13,2,406.0,0.0,0.0,0.0,0.0,5.598576300546744,4.389861875735882,0.997477865912856,0.5295566502463054,1.1666666666666667,0.4770746494884426,0.6700700792846408,0.6741138876920868,0.6245192206095944,logreg
42477,default-of-credit-card-clients,4.278,30000,23,2,1304.3478260869565,0.0,0.0,0.0,0.0,20392.903740579717,5.286351541281114,0.7623526222941667,0.7788,inf,0.9981333333333332,0.6055994946181316,0.8102666666666666,0.6335544940480123,logreg_bal
43892,national-longitudinal-survey-binary,1.192,4908,16,2,306.75,0.0,0.0,0.0,0.0,83.40799671964142,1.3835909124846313,0.9562910069054408,0.6224531377343113,1.2857142857142858,1.0,0.9884687446831164,0.9896086748008496,0.7832861538843072,linsvc
43896,ibm-employee-attrition,1.215,1470,31,2,47.41935483870968,0.0,0.0,0.0,0.0,951.1458900226758,0.5574833986311902,0.6372308920655037,0.8387755102040816,3.4285714285714284,1.0,0.6998389250840567,0.882312925170068,0.5590856188463255,logreg_bal
43897,ibm-employee-performance,0.996,1470,30,2,49.0,0.0,0.0,0.0,0.0,992.362939958592,0.4981616897828679,0.6191247366296437,0.8462585034013606,3.2857142857142856,1.0,0.9807107954961504,0.9918367346938776,0.647975215494986,linsvc
43905,ibm-employee-performance,1.056,1470,29,2,50.689655172413794,0.0,0.0,0.0,0.0,1036.7790043290045,0.4834814040649033,0.6191247366296437,0.8462585034013606,3.142857142857143,1.0,0.5,0.8462585034013607,0.4885814224640498,logreg
44073,MagicTelescope,2.115,13376,10,2,1337.6,0.0,0.0,0.0,0.0,31.111061624551432,0.5801866878835382,1.0,0.5,inf,0.9914025119617224,0.7704102954543168,0.7704092871212439,0.8091351362229207,knn5
44074,bank-marketing,32.406,10578,7,2,1511.142857142857,0.0,0.0,0.0,0.0,46.93283229343921,1.5827861356575594,1.0,0.5,0.4,1.0,0.7213099098100162,0.7213095317897634,0.6153319395585823,logreg_bal
44075,phoneme,1.101,3172,5,2,634.4,0.0,0.0,0.0,0.0,0.0231965416771752,0.7215232504272819,1.0,0.5,inf,0.9971626733921816,0.7392883360117454,0.7392895998410294,0.8508808999464318,knn5
44078,eye_movements,2.221,7608,20,2,380.4,0.0,0.0,0.0,0.0,454.567141668213,3.4265274373569223,1.0,0.5,5.666666666666667,1.0,0.559023618507504,0.5590211847969859,0.5657235977591811,knn5
44080,electricity,4.568,38474,7,2,5496.285714285715,0.0,0.0,0.0,0.0,0.3201716806458041,14.089938401477632,1.0,0.5,6.0,1.0,0.7513646187028044,0.7513645308623396,0.7557057312256168,knn5
44082,pol,1.413,10082,26,2,387.7692307692308,0.0,0.0,0.0,0.0,19.58793279721667,5.336118815723223,1.0,0.5,inf,0.9970243999206506,0.8597514236946843,0.8597501593597281,0.9547704587285856,knn5
44083,house_16H,2.493,13488,16,2,843.0,0.0,0.0,0.0,0.0,626.0878281315242,5.775978881037563,1.0,0.5,inf,0.9999258600237249,0.8213232463655901,0.8213228986549315,0.8456405228183093,knn5
44084,kdd_ipums_la_97-small,2.558,5188,20,2,259.4,0.0,0.0,0.0,0.0,57574.94737856592,0.9858500209298696,1.0,0.5,3.0,0.9984579799537394,0.8288358961769366,0.8288367028797683,0.8249860512866294,logreg_bal
44085,MagicTelescope,2.303,13376,10,2,1337.6,0.0,0.0,0.0,0.0,31.111061624551432,0.5801866878835382,1.0,0.5,inf,0.9914025119617224,0.7704102954543168,0.7704092871212439,0.8091351362229207,knn5
44086,bank-marketing,32.478,10578,7,2,1511.142857142857,0.0,0.0,0.0,0.0,46.93283229343921,1.5827861356575594,1.0,0.5,0.4,1.0,0.7213099098100162,0.7213095317897634,0.6153319395585823,logreg_bal
44087,phoneme,0.884,3172,5,2,634.4,0.0,0.0,0.0,0.0,0.0231965416771752,0.7215232504272819,1.0,0.5,inf,0.9971626733921816,0.7392883360117454,0.7392895998410294,0.8508808999464318,knn5
44093,eye_movements,2.341,7608,20,2,380.4,0.0,0.0,0.0,0.0,454.567141668213,3.4265274373569223,1.0,0.5,5.666666666666667,1.0,0.559023618507504,0.5590211847969859,0.5657235977591811,knn5
44089,credit,1.882,16714,10,2,1671.4,0.0,0.0,0.0,0.0,621.590305073726,20.174811580461306,1.0,0.5,inf,0.999880339834869,0.7245390692333904,0.7245420596249332,0.6480200879626846,logreg
44090,california,2.142,20634,8,2,2579.25,0.0,0.0,0.0,0.0,172.9459565017418,19.55783707350226,1.0,0.5,inf,1.0,0.831393916250512,0.8313942998127437,0.8374514329624578,knn5
44091,wine,0.913,2554,11,2,232.1818181818182,0.0,0.0,0.0,0.0,15.742964492774258,1.4361462389500588,1.0,0.5,inf,0.8735317149569303,0.738843443627451,0.7388365757261809,0.7533455882352941,knn5
44120,electricity,2.678,38474,7,2,5496.285714285715,0.0,0.0,0.0,0.0,0.3468556776487275,12.072557341989802,1.0,0.5,inf,1.0,0.7407080104539163,0.7407079903110075,0.8037381911114689,knn5
44122,pol,1.585,10082,26,2,387.7692307692308,0.0,0.0,0.0,0.0,19.58793279721667,5.336118815723223,1.0,0.5,inf,0.9970243999206506,0.8597514236946843,0.8597501593597281,0.9547704587285856,knn5
44123,house_16H,2.371,13488,16,2,843.0,0.0,0.0,0.0,0.0,626.0878281315242,5.775978881037563,1.0,0.5,inf,0.9999258600237249,0.8213232463655901,0.8213228986549315,0.8456405228183093,knn5
44124,kdd_ipums_la_97-small,1.174,5188,20,2,259.4,0.0,0.0,0.0,0.0,68848.19491133383,1.304683432780815,1.0,0.5,inf,0.9984579799537394,0.8317301612099299,0.8317289201286503,0.8380911464726493,linsvc
44125,MagicTelescope,2.126,13376,10,2,1337.6,0.0,0.0,0.0,0.0,31.111061624551432,0.5801866878835382,1.0,0.5,inf,0.9914025119617224,0.7704102954543168,0.7704092871212439,0.8091351362229207,knn5
44126,bank-marketing,1.213,10578,7,2,1511.142857142857,0.0,0.0,0.0,0.0,288.97215244577694,3.654091933374422,1.0,0.5,inf,1.0,0.7456054067491367,0.7456042669383779,0.7740598727003164,knn5
44127,phoneme,1.291,3172,5,2,634.4,0.0,0.0,0.0,0.0,0.0231965416771752,0.7215232504272819,1.0,0.5,inf,0.9971626733921816,0.7392883360117454,0.7392895998410294,0.8508808999464318,knn5
44130,eye_movements,1.884,7608,20,2,380.4,0.0,0.0,0.0,0.0,404.4615788301787,3.176018659369393,1.0,0.5,inf,1.0,0.5566593471194412,0.5566545800751804,0.558234836434055,knn5
44156,electricity,3.205,38474,8,2,4809.25,0.0,0.0,0.0,0.0,0.3468556776487275,12.072557341989802,1.0,0.5,7.0,1.0,0.7506367450512238,0.7506367990854876,0.8246091805748682,knn5
44157,eye_movements,1.77,7608,23,2,330.7826086956522,0.0,0.0,0.0,0.0,404.4615788301787,3.176018659369393,1.0,0.5,6.666666666666667,1.0,0.5646778822878484,0.5646725086632092,0.5738744034857183,knn5
44158,KDDCup09_upselling,2.382,5032,45,2,111.82222222222222,0.0,0.0,0.0,0.0,400555.49234472367,7.877550775243285,1.0,0.5,3.090909090909091,1.0,0.747214333049323,0.7472158113878793,0.6872033670989933,logreg_bal
44160,rl,1.295,4970,11,2,451.8181818181818,0.0,0.0,0.0,0.0,103.59006036217303,1.6315298576584685,1.0,0.5,0.8333333333333334,1.0,0.6209255533199195,0.6209255533199196,0.6406438631790744,knn5
44162,compass,2.486,16644,16,2,1040.25,0.0,0.0,0.0,0.0,87.24175378514781,6.680031004057156,1.0,0.5,1.0,0.9996995914443644,0.68637390996766,0.6863732106546203,0.71136781011781,knn5
44185,KDDCup09_upselling,2.271,5032,45,2,111.82222222222222,0.0,0.0,0.0,0.0,400555.49234472367,7.877550775243285,1.0,0.5,3.090909090909091,1.0,0.747214333049323,0.7472158113878793,0.6872033670989933,logreg_bal
44186,KDDCup09_upselling,2.416,5128,49,2,104.6530612244898,0.0,0.0,0.0,0.0,395732.9899837322,11.015981917844908,1.0,0.5,2.2666666666666666,1.0,0.7392730415448343,0.7392720011410641,0.6817331414473683,logreg_bal
44096,credit-g,1.208,1000,20,2,50.0,0.0,0.0,0.0,0.0,476.5838571428571,0.9203791257169,0.8812908992306927,0.7,0.5384615384615384,1.0,0.6642857142857143,0.75,0.6230952380952381,logreg_bal
45020,default-of-credit-card-clients,2.356,13272,20,2,663.6,0.0,0.0,0.0,0.0,22489.897291289937,5.55047942138309,1.0,0.5,inf,0.9945750452079566,0.6729204496962984,0.672920553419704,0.6684010155164744,logreg
45028,california,2.465,20634,8,2,2579.25,0.0,0.0,0.0,0.0,172.9459565017418,19.55783707350226,1.0,0.5,inf,1.0,0.831393916250512,0.8313942998127437,0.8374514329624578,knn5
45026,heloc,1.992,10000,22,2,454.54545454545456,0.0,0.0,0.0,0.0,29.345436363636363,-0.3209393563957337,1.0,0.5,inf,0.9443,0.7083,0.7083,0.6748000000000001,logreg
45036,default-of-credit-card-clients,2.299,13272,21,2,632.0,0.0,0.0,0.0,0.0,22489.897291289937,5.55047942138309,1.0,0.5,20.0,0.9966094032549728,0.6735240509891867,0.6735229628872739,0.6678737368464059,linsvc
45037,BitcoinHeist_Ransomware,2.135,24780,7,2,3540.0,0.0,0.0,0.0,0.0,263927112.00862125,25.822542068163948,1.0,0.5,inf,0.9939870863599676,0.6587167070217917,0.6587167070217917,0.7859160613397902,knn5
45039,compas-two-years,1.051,4966,11,2,451.45454545454544,0.0,0.0,0.0,0.0,12.663914619412004,4.496640497476299,1.0,0.5,0.375,0.4395892066049134,0.670969770234309,0.6709680033879003,0.619408791458428,logreg
45058,credit-g,0.919,1000,20,2,50.0,0.0,0.0,0.0,0.0,476.5838571428571,0.9203791257169,0.8812908992306927,0.7,0.5384615384615384,1.0,0.6828571428571429,0.76,0.630952380952381,logreg_bal
45059,sick,1.125,3103,22,2,141.04545454545453,0.0,0.0,0.0,0.0,55.576435320657424,4.023489088450179,0.3632601696331715,0.9307122139864648,0.2941176470588235,0.999677731227844,0.5441626307340239,0.9287782452859592,0.5831562669142035,logreg_bal
45067,okcupid_stem,23.637,26677,13,3,2052.076923076923,0.0,0.0,0.0,0.0,50.53163774037561,0.4241927395526152,1.1229269574991183,0.7200584773400307,0.1818181818181818,0.9982381827042022,0.5124935047148461,0.7465979592209518,0.4548209485962709,logreg_bal
45068,adult,10.047,48842,14,2,3488.714285714286,0.0,0.0,0.0,0.0,31819.97476557062,3.0638608083339345,0.7938438393644256,0.7607182343065395,0.75,0.9988329716227836,0.7656592766759209,0.8523607306671079,0.7540091148429594,logreg_bal
45077,qsar,1.112,1055,40,2,26.375,0.0,0.0,0.0,0.0,3.5735458357030008,2.2142391167715614,0.9223486063040568,0.6625592417061611,3.0,0.9971563981042654,0.8473386481961311,0.8625592417061612,0.8422928337410556,logreg_bal
